{
  "id": "",
  "name": "",
  "font_family": "iconfont",
  "css_prefix_text": "icon-",
  "description": "",
  "glyphs": [
    {
      "icon_id": "68235",
      "name": "分类",
      "font_class": "fenlei",
      "unicode": "f00a6",
      "unicode_decimal": 983206
    },
    {
      "icon_id": "139445",
      "name": "代付款",
      "font_class": "daifukuan",
      "unicode": "e6cb",
      "unicode_decimal": 59083
    },
    {
      "icon_id": "344008",
      "name": "搜索",
      "font_class": "sousuo",
      "unicode": "e650",
      "unicode_decimal": 58960
    },
    {
      "icon_id": "351742",
      "name": "待发货",
      "font_class": "daifahuo",
      "unicode": "e602",
      "unicode_decimal": 58882
    },
    {
      "icon_id": "376664",
      "name": "精选产品库",
      "font_class": "jingxuanchanpinku",
      "unicode": "e65b",
      "unicode_decimal": 58971
    },
    {
      "icon_id": "435995",
      "name": "消息",
      "font_class": "xiaoxi",
      "unicode": "e7f3",
      "unicode_decimal": 59379
    },
    {
      "icon_id": "579812",
      "name": "分类",
      "font_class": "fenlei1",
      "unicode": "e625",
      "unicode_decimal": 58917
    },
    {
      "icon_id": "1085578",
      "name": "已完成",
      "font_class": "yiwancheng",
      "unicode": "e6a6",
      "unicode_decimal": 59046
    },
    {
      "icon_id": "1089766",
      "name": "分类",
      "font_class": "fenlei2",
      "unicode": "e659",
      "unicode_decimal": 58969
    },
    {
      "icon_id": "1137772",
      "name": "返回",
      "font_class": "fanhui",
      "unicode": "e675",
      "unicode_decimal": 58997
    },
    {
      "icon_id": "1901648",
      "name": "购物袋",
      "font_class": "gouwudai",
      "unicode": "f0303",
      "unicode_decimal": 983811
    },
    {
      "icon_id": "2127156",
      "name": "分类",
      "font_class": "fenlei3",
      "unicode": "e616",
      "unicode_decimal": 58902
    },
    {
      "icon_id": "11600059",
      "name": "7天无理由退货",
      "font_class": "tianwuliyoutuihuo",
      "unicode": "e61b",
      "unicode_decimal": 58907
    },
    {
      "icon_id": "33986993",
      "name": "举报",
      "font_class": "jubao",
      "unicode": "e61d",
      "unicode_decimal": 58909
    },
    {
      "icon_id": "33986996",
      "name": "消息-置灰",
      "font_class": "xiaoxi-zhihui",
      "unicode": "e61e",
      "unicode_decimal": 58910
    },
    {
      "icon_id": "33986997",
      "name": "喜欢",
      "font_class": "xihuan",
      "unicode": "e61f",
      "unicode_decimal": 58911
    },
    {
      "icon_id": "33986998",
      "name": "更多",
      "font_class": "gengduo",
      "unicode": "e620",
      "unicode_decimal": 58912
    },
    {
      "icon_id": "33986999",
      "name": "首页-置灰",
      "font_class": "shouye-zhihui",
      "unicode": "e621",
      "unicode_decimal": 58913
    },
    {
      "icon_id": "33987000",
      "name": "个人中心-置灰",
      "font_class": "gerenzhongxin-zhihui",
      "unicode": "e622",
      "unicode_decimal": 58914
    },
    {
      "icon_id": "33987007",
      "name": "店铺",
      "font_class": "dianpu",
      "unicode": "e623",
      "unicode_decimal": 58915
    },
    {
      "icon_id": "33987012",
      "name": "验资完成",
      "font_class": "yanziwancheng",
      "unicode": "e624",
      "unicode_decimal": 58916
    },
    {
      "icon_id": "33987017",
      "name": "定位",
      "font_class": "dingwei",
      "unicode": "e626",
      "unicode_decimal": 58918
    },
    {
      "icon_id": "34894459",
      "name": "待收货",
      "font_class": "a-ziyuan7",
      "unicode": "e606",
      "unicode_decimal": 58886
    },
    {
      "icon_id": "34901209",
      "name": "定位",
      "font_class": "a-ziyuan28",
      "unicode": "e60a",
      "unicode_decimal": 58890
    },
    {
      "icon_id": "34901212",
      "name": "购物车",
      "font_class": "a-ziyuan32",
      "unicode": "e60b",
      "unicode_decimal": 58891
    },
    {
      "icon_id": "34901215",
      "name": "已下单",
      "font_class": "a-ziyuan37",
      "unicode": "e60c",
      "unicode_decimal": 58892
    },
    {
      "icon_id": "34901216",
      "name": "收藏",
      "font_class": "a-ziyuan33",
      "unicode": "e60d",
      "unicode_decimal": 58893
    },
    {
      "icon_id": "34901218",
      "name": "订单",
      "font_class": "a-ziyuan36",
      "unicode": "e60e",
      "unicode_decimal": 58894
    },
    {
      "icon_id": "38402378",
      "name": "查询",
      "font_class": "chaxun",
      "unicode": "10186",
      "unicode_decimal": 65926
    },
    {
      "icon_id": "38402379",
      "name": "客服",
      "font_class": "kefu",
      "unicode": "10187",
      "unicode_decimal": 65927
    },
    {
      "icon_id": "38402390",
      "name": "地址簿",
      "font_class": "dizhibu",
      "unicode": "10188",
      "unicode_decimal": 65928
    },
    {
      "icon_id": "38402396",
      "name": "我的",
      "font_class": "wode",
      "unicode": "10189",
      "unicode_decimal": 65929
    },
    {
      "icon_id": "38402404",
      "name": "二维码",
      "font_class": "erweima",
      "unicode": "1018a",
      "unicode_decimal": 65930
    }
  ]
}
